536; 479968
537; 519388
538; 508372
555; 472962
556; 574808
557; 621326
558; 607174
559; 533066
575; 543290
576; 661098
577; 715450
578; 700284
579; 616466
6545; 474883
6546; 522764
6547; 519726
6548; 465271
6565; 562963
6566; 619153
6567; 615050
6568; 550247
6584; 508718
6585; 650274
6586; 714858
6587; 709956
6588; 635402
6589; 498096
6866; 478094
6867; 477502
8024; 509719
8025; 528581
8026; 495649
8043; 524091
8044; 604454
8045; 626236
8046; 586575
8047; 488755
8063; 609108
8064; 700620
8065; 724170
8066; 676924
8067; 563178
8344; 465885
8345; 483958
8346; 455885
9526; 453623
9527; 516468
9528; 529363
9529; 490226
9546; 539941
9547; 614999
9548; 630588
9549; 584241
9550; 479728
9566; 624482
9567; 710824
9568; 728246
9569; 674324
9570; 553840
9847; 463146
9848; 478621
11030; 503129
11031; 537814
11032; 519941
11033; 450504
11049; 497724
11050; 596366
11051; 637487
11052; 616173
11053; 533745
11069; 574020
11070; 687458
11071; 734604
11072; 710098
11073; 615752
11351; 483708
11352; 471808
12533; 502222
12534; 531959
12535; 509710
12552; 504687
12553; 596557
12554; 630841
12555; 603506
12556; 516629
12572; 584448
12573; 690654
12574; 729884
12575; 697774
12576; 597148
12853; 451949
12854; 482762
12855; 467342
15538; 506238
15539; 528100
15540; 498228
15557; 517664
15558; 601483
15559; 627112
15560; 591168
15561; 496446
15577; 600134
15578; 697280
15579; 726744
15580; 684826
15581; 575080
18543; 487784
18544; 524651
18545; 510304
18562; 479731
18563; 578822
18564; 622226
18565; 604896
18566; 527835
18582; 555830
18583; 670412
18584; 720346
18585; 700104
18586; 611208
18864; 482513
18865; 475432
20021; 497094
20022; 531388
20023; 513671
20040; 490981
20041; 587452
20042; 627681
20043; 606769
20044; 525871
20060; 569010
20061; 679656
20062; 724932
20063; 699720
20064; 605912
20341; 450755
20342; 484548
20343; 471844
23026; 510244
23027; 533986
23028; 505207
23045; 512515
23046; 598706
23047; 627134
23048; 594112
23049; 502126
23065; 591806
23066; 691778
23067; 724894
23068; 687114
23069; 581562
23346; 461803
23347; 486663
23348; 464791
24529; 481407
24530; 525726
24531; 518899
24532; 460897
24549; 569224
24550; 621977
24551; 614262
24552; 546091
24568; 520622
24569; 658458
24570; 718886
24571; 709414
24572; 630482
24573; 475538
24850; 482921
24851; 480980
29036; 464898
29037; 519739
29038; 524124
29039; 476936
29056; 550073
29057; 615550
29058; 621146
29059; 565622
29060; 453919
29075; 484296
29076; 635386
29077; 711002
29078; 717474
29079; 653658
29080; 525552
29357; 488596
29358; 494184
29359; 452613
30539; 453304
30540; 522322
30541; 525444
30542; 476646
30559; 544683
30560; 622350
30561; 624368
30562; 564764
30578; 469622
30579; 627787
30580; 714606
30581; 716580
30582; 647884
30583; 486125
32042; 477475
32043; 526435
32044; 524131
32045; 469888
32061; 451608
32062; 563042
32063; 620896
32064; 618502
32065; 555091
32081; 523154
32082; 651200
32083; 717132
32084; 713742
32085; 640596
32086; 460902
32363; 488638
32364; 481223
36524; 460914
36525; 519426
36526; 527987
36527; 484913
36544; 546491
36545; 615867
36546; 625658
36547; 574082
36548; 465462
36564; 630538
36565; 709904
36566; 720584
36567; 660860
36568; 536076
36845; 470435
36846; 481705
39530; 512881
39531; 539494
39532; 513608
39549; 519968
39550; 614075
39551; 648568
39552; 619015
39553; 527366
39569; 600234
39570; 707754
39571; 746872
39572; 713080
39573; 608978
39850; 453534
39851; 480138
39852; 461122
41033; 513373
41034; 535448
41035; 504968
41052; 520361
41053; 605492
41054; 632163
41055; 596932
41056; 502559
41072; 602842
41073; 700728
41074; 730786
41075; 689496
41076; 580528
41353; 462884
41354; 487261
41355; 464536
45540; 487902
45541; 521663
45542; 504853
45559; 472968
45560; 582985
45561; 624009
45562; 604110
45563; 524409
45579; 545344
45580; 672166
45581; 721112
45582; 699560
45583; 608940
47043; 462281
47044; 483202
47045; 456782
47062; 456609
47063; 562523
47064; 587992
47065; 556197
47066; 456778
47082; 551130
47083; 539132
47084; 568625
47085; 531183
47086; 547957
47324; 457154
47363; 454596
47364; 481304
47365; 462152
50023; 477919
50024; 523455
50025; 518167
50026; 461675
50043; 567069
50044; 620025
50045; 612884
50046; 545494
50062; 517401
50063; 655870
50064; 716590
50065; 707758
50066; 629650
50087; 464267
50344; 486514
50345; 481008
53028; 493264
53029; 528051
53030; 511453
53047; 487140
53048; 585730
53049; 627602
53050; 608012
53051; 528359
53067; 561876
53068; 675632
53069; 724042
53070; 701778
53071; 610606
53349; 483612
53350; 478509
57535; 478371
57536; 525545
57537; 521587
57538; 465883
57554; 453801
57555; 561285
57556; 614452
57557; 607364
57558; 539970
57574; 517349
57575; 660286
57576; 725750
57577; 720244
57578; 643630
57579; 469941
57599; 467269
57856; 462933
57857; 465942
59039; 513518
59040; 533378
59041; 500909
59058; 526568
59059; 608614
59060; 631725
59061; 592871
59062; 495218
59078; 611756
59079; 706420
59080; 732378
59081; 686520
59082; 573024
59359; 458457
59360; 478484
59361; 452983
60541; 455169
60542; 519341
60543; 533413
60544; 495339
60561; 541215
60562; 617619
60563; 634250
60564; 588817
60565; 485163
60581; 624992
60582; 713038
60583; 732000
60584; 679508
60585; 560338
62044; 470862
62045; 529763
62046; 537694
62047; 493198
62064; 555005
62065; 625225
62066; 635046
62067; 582820
62068; 473014
62084; 636988
62085; 719408
62086; 732154
62087; 673370
62088; 548350
62365; 470697
62366; 484015
62367; 451035
63522; 470991
63523; 526047
63524; 530160
63525; 482277
63542; 557810
63543; 623259
63544; 628347
63545; 571886
63546; 458766
63561; 492369
63562; 643158
63563; 718654
63564; 724554
63565; 659784
63566; 530296
63843; 474563
63844; 483758
65025; 475783
65026; 528756
65027; 530167
65028; 479063
65045; 561793
65046; 623238
65047; 624191
65048; 563744
65064; 500822
65065; 649276
65066; 720566
65067; 721844
65068; 652298
65069; 503481
65346; 479821
65347; 484941
69532; 455467
69533; 518533
69534; 531442
69535; 492199
69552; 539524
69553; 614637
69554; 630226
69555; 583984
69556; 479768
69572; 622748
69573; 708754
69574; 725966
69575; 672108
69576; 552056
69853; 467420
69854; 483817
69855; 453927
71035; 457672
71036; 519236
71037; 530778
71038; 490129
71055; 543076
71056; 614534
71057; 626979
71058; 578301
71059; 472383
71075; 629568
71076; 710736
71077; 723282
71078; 665480
71079; 542552
71356; 470086
71357; 483093
74041; 510044
74042; 533262
74043; 504775
74060; 518713
74061; 604024
74062; 631260
74063; 597146
74064; 504377
74080; 598780
74081; 698534
74082; 730716
74083; 691656
74084; 584774
74361; 459049
74362; 487382
74363; 469054
75544; 516950
75545; 539374
75546; 508741
75563; 523956
75564; 609110
75565; 635676
75566; 600117
75567; 505047
75583; 606172
75584; 702632
75585; 731266
75586; 688718
75587; 578696
78524; 490478
78525; 528161
78526; 514257
78543; 481708
78544; 583382
78545; 628796
78546; 612541
78547; 535421
78563; 552258
78564; 668292
78565; 720220
78566; 702126
78567; 615060
78845; 485957
78846; 477128
81529; 505405
81530; 533645
81531; 509851
81548; 507460
81549; 597244
81550; 630030
81551; 601727
81552; 514154
81568; 587290
81569; 690476
81570; 727318
81571; 693670
81572; 592294
81849; 456526
81850; 487904
81851; 472416
83032; 480413
83033; 529183
83034; 526550
83035; 472241
83052; 568745
83053; 627852
83054; 625604
83055; 561583
83071; 508657
83072; 654666
83073; 723646
83074; 722118
83075; 649584
83076; 512780
83353; 477882
83354; 479669
84535; 481372
84536; 526981
84537; 521682
84538; 465002
84555; 570416
84556; 622875
84557; 615242
84558; 547434
84574; 521017
84575; 660280
84576; 721272
84577; 712330
84578; 633824
84579; 478192
84856; 478037
84857; 476866
87540; 494566
87541; 529686
87542; 513412
87559; 489806
87560; 590075
87561; 633028
87562; 613881
87563; 534141
87579; 564802
87580; 681328
87581; 731720
87582; 710356
87583; 618946
87861; 480833
87862; 471182
90520; 468132
90521; 519773
90522; 521332
90523; 471848
90540; 556850
90541; 617908
90542; 619237
90543; 560058
90559; 481758
90560; 644356
90561; 715762
90562; 717470
90563; 648854
90564; 516378
95027; 450103
95028; 514827
95029; 530086
95030; 493554
95047; 536911
95048; 611472
95049; 627052
95050; 581553
95051; 478802
95067; 621302
95068; 707820
95069; 725658
95070; 672650
95071; 553666
95348; 468251
95349; 484902
95350; 455308
96530; 464805
96531; 525076
96532; 534347
96533; 490897
96550; 547232
96551; 618611
96552; 630200
96553; 579916
96554; 471844
96570; 631702
96571; 712980
96572; 725368
96573; 667008
96574; 543066
96851; 471760
96852; 483622
98034; 500271
98035; 531701
98036; 511717
98053; 499675
98054; 593426
98055; 630101
98056; 605508
98057; 521446
98073; 577400
98074; 686432
98075; 729124
98076; 700732
98077; 603620
98354; 453053
98355; 484346
98356; 469231
105520; 494941
105521; 528139
105522; 510087
105539; 489886
105540; 585542
105541; 625011
105542; 603592
105543; 522525
105559; 566864
105560; 676956
105561; 722106
105562; 697234
105563; 604124
107023; 498188
107024; 530218
107025; 510520
107042; 497175
107043; 591070
107044; 628532
107045; 604913
107046; 521486
107062; 577456
107063; 684680
107064; 726278
107065; 697518
107066; 600520
107343; 456076
107344; 487333
107345; 471877
110028; 477541
110029; 523243
110030; 518234
110031; 462120
110048; 567806
110049; 621432
110050; 614904
110051; 548051
110067; 502624
110068; 657346
110069; 719238
110070; 711198
110071; 633502
110072; 478714
110349; 486723
110350; 486920
111531; 490551
111532; 534269
111533; 525605
111534; 464656
111550; 472854
111551; 579855
111552; 631328
111553; 621206
111554; 549568
111570; 546290
111571; 668864
111572; 727340
111573; 715196
111574; 632942
111575; 473295
111852; 481512
111853; 476145
114536; 493667
114537; 526727
114538; 508730
114555; 489527
114556; 583841
114557; 622418
114558; 600719
114559; 520018
114575; 568784
114576; 678020
114577; 721932
114578; 695666
114579; 601306
114857; 483683
114858; 471489
117541; 474547
117542; 523851
117543; 522749
117544; 470644
117561; 564307
117562; 622747
117563; 620769
117564; 557944
117580; 492994
117581; 652778
117582; 721070
117583; 719232
117584; 646858
117585; 510618
117862; 479592
117863; 481759
120521; 451383
120522; 516449
120523; 531660
120524; 494797
120541; 535202
120542; 612386
120543; 630332
120544; 586524
120545; 484565
120561; 618356
120562; 706512
120563; 726240
120564; 675092
120565; 557676
123526; 466441
123527; 522570
123528; 528206
123529; 482153
123546; 554339
123547; 621108
123548; 627495
123549; 572277
123550; 460353
123565; 472413
123566; 640346
123567; 718206
123568; 725988
123569; 662360
123570; 533258
123847; 473295
123848; 483659
126532; 509627
126533; 532177
126534; 502371
126551; 519697
126552; 605982
126553; 633426
126554; 598352
126555; 503453
126571; 599260
126572; 698096
126573; 729504
126574; 689530
126575; 581416
126852; 458859
126853; 484145
126854; 462964
